Workbook

Sheet Đăng ký
A1: ĐĂNG KÝ BUỔI RẢNH — CƠ SỞ 3
A2: Điền chữ x vào MỌI buổi bạn ĐI LÀM ĐƯỢC (rảnh). Càng đăng ký nhiều buổi rảnh, càng dễ được xếp đủ ca. App sẽ tự chia cân bằng và ưu tiên người ít ca — không phải ai điền trước.
A3: Ô XANH = đã đăng ký rảnh. Người giữ xe do chủ quán chọn trong app.
A4: Tên | B4: Vị trí | C4: T2 Sáng | D4: T2 Chiều | E4: T2 Tối | F4: T3 Sáng | G4: T3 Chiều | H4: T3 Tối | I4: T4 Sáng | J4: T4 Chiều | K4: T4 Tối | L4: T5 Sáng | M4: T5 Chiều | N4: T5 Tối | O4: T6 Sáng | P4: T6 Chiều | Q4: T6 Tối | R4: T7 Sáng | S4: T7 Chiều | T4: T7 Tối | U4: CN Sáng | V4: CN Chiều | W4: CN Tối

Sheet Số bạn rảnh
A1: SỐ BẠN RẢNH MỖI BUỔI (tự cập nhật)
A2: Số bạn đăng ký rảnh / định mức cần. Ô ĐỎ = chưa đủ người rảnh → cần thêm bạn đăng ký buổi này.
A4: Ngày | B4: Buổi | C4: Pha chế | D4: Phục vụ
A5: T2 | B5: Sáng | C5: =COUNTIFS('Đăng ký'!$B$5:$B$20,"Pha chế",'Đăng ký'!C$5:C$20,"x")&"/2" | D5: =COUNTIFS('Đăng ký'!$B$5:$B$20,"Phục vụ",'Đăng ký'!C$5:C$20,"x")&"/3"
A6: T2 | B6: Chiều | C6: =COUNTIFS('Đăng ký'!$B$5:$B$20,"Pha chế",'Đăng ký'!D$5:D$20,"x")&"/2" | D6: =COUNTIFS('Đăng ký'!$B$5:$B$20,"Phục vụ",'Đăng ký'!D$5:D$20,"x")&"/2"
A7: T2 | B7: Tối | C7: =COUNTIFS('Đăng ký'!$B$5:$B$20,"Pha chế",'Đăng ký'!E$5:E$20,"x")&"/2" | D7: =COUNTIFS('Đăng ký'!$B$5:$B$20,"Phục vụ",'Đăng ký'!E$5:E$20,"x")&"/3"
A8: T3 | B8: Sáng | C8: =COUNTIFS('Đăng ký'!$B$5:$B$20,"Pha chế",'Đăng ký'!F$5:F$20,"x")&"/2" | D8: =COUNTIFS('Đăng ký'!$B$5:$B$20,"Phục vụ",'Đăng ký'!F$5:F$20,"x")&"/3"
A9: T3 | B9: Chiều | C9: =COUNTIFS('Đăng ký'!$B$5:$B$20,"Pha chế",'Đăng ký'!G$5:G$20,"x")&"/2" | D9: =COUNTIFS('Đăng ký'!$B$5:$B$20,"Phục vụ",'Đăng ký'!G$5:G$20,"x")&"/2"
A10: T3 | B10: Tối | C10: =COUNTIFS('Đăng ký'!$B$5:$B$20,"Pha chế",'Đăng ký'!H$5:H$20,"x")&"/2" | D10: =COUNTIFS('Đăng ký'!$B$5:$B$20,"Phục vụ",'Đăng ký'!H$5:H$20,"x")&"/3"
A11: T4 | B11: Sáng | C11: =COUNTIFS('Đăng ký'!$B$5:$B$20,"Pha chế",'Đăng ký'!I$5:I$20,"x")&"/2" | D11: =COUNTIFS('Đăng ký'!$B$5:$B$20,"Phục vụ",'Đăng ký'!I$5:I$20,"x")&"/3"
A12: T4 | B12: Chiều | C12: =COUNTIFS('Đăng ký'!$B$5:$B$20,"Pha chế",'Đăng ký'!J$5:J$20,"x")&"/2" | D12: =COUNTIFS('Đăng ký'!$B$5:$B$20,"Phục vụ",'Đăng ký'!J$5:J$20,"x")&"/2"
A13: T4 | B13: Tối | C13: =COUNTIFS('Đăng ký'!$B$5:$B$20,"Pha chế",'Đăng ký'!K$5:K$20,"x")&"/2" | D13: =COUNTIFS('Đăng ký'!$B$5:$B$20,"Phục vụ",'Đăng ký'!K$5:K$20,"x")&"/3"
A14: T5 | B14: Sáng | C14: =COUNTIFS('Đăng ký'!$B$5:$B$20,"Pha chế",'Đăng ký'!L$5:L$20,"x")&"/2" | D14: =COUNTIFS('Đăng ký'!$B$5:$B$20,"Phục vụ",'Đăng ký'!L$5:L$20,"x")&"/3"
A15: T5 | B15: Chiều | C15: =COUNTIFS('Đăng ký'!$B$5:$B$20,"Pha chế",'Đăng ký'!M$5:M$20,"x")&"/2" | D15: =COUNTIFS('Đăng ký'!$B$5:$B$20,"Phục vụ",'Đăng ký'!M$5:M$20,"x")&"/2"
A16: T5 | B16: Tối | C16: =COUNTIFS('Đăng ký'!$B$5:$B$20,"Pha chế",'Đăng ký'!N$5:N$20,"x")&"/2" | D16: =COUNTIFS('Đăng ký'!$B$5:$B$20,"Phục vụ",'Đăng ký'!N$5:N$20,"x")&"/3"
A17: T6 | B17: Sáng | C17: =COUNTIFS('Đăng ký'!$B$5:$B$20,"Pha chế",'Đăng ký'!O$5:O$20,"x")&"/2" | D17: =COUNTIFS('Đăng ký'!$B$5:$B$20,"Phục vụ",'Đăng ký'!O$5:O$20,"x")&"/3"
A18: T6 | B18: Chiều | C18: =COUNTIFS('Đăng ký'!$B$5:$B$20,"Pha chế",'Đăng ký'!P$5:P$20,"x")&"/2" | D18: =COUNTIFS('Đăng ký'!$B$5:$B$20,"Phục vụ",'Đăng ký'!P$5:P$20,"x")&"/2"
A19: T6 | B19: Tối | C19: =COUNTIFS('Đăng ký'!$B$5:$B$20,"Pha chế",'Đăng ký'!Q$5:Q$20,"x")&"/2" | D19: =COUNTIFS('Đăng ký'!$B$5:$B$20,"Phục vụ",'Đăng ký'!Q$5:Q$20,"x")&"/3"
A20: T7 | B20: Sáng | C20: =COUNTIFS('Đăng ký'!$B$5:$B$20,"Pha chế",'Đăng ký'!R$5:R$20,"x")&"/2" | D20: =COUNTIFS('Đăng ký'!$B$5:$B$20,"Phục vụ",'Đăng ký'!R$5:R$20,"x")&"/3"
A21: T7 | B21: Chiều | C21: =COUNTIFS('Đăng ký'!$B$5:$B$20,"Pha chế",'Đăng ký'!S$5:S$20,"x")&"/2" | D21: =COUNTIFS('Đăng ký'!$B$5:$B$20,"Phục vụ",'Đăng ký'!S$5:S$20,"x")&"/2"
A22: T7 | B22: Tối | C22: =COUNTIFS('Đăng ký'!$B$5:$B$20,"Pha chế",'Đăng ký'!T$5:T$20,"x")&"/2" | D22: =COUNTIFS('Đăng ký'!$B$5:$B$20,"Phục vụ",'Đăng ký'!T$5:T$20,"x")&"/3"
A23: CN | B23: Sáng | C23: =COUNTIFS('Đăng ký'!$B$5:$B$20,"Pha chế",'Đăng ký'!U$5:U$20,"x")&"/2" | D23: =COUNTIFS('Đăng ký'!$B$5:$B$20,"Phục vụ",'Đăng ký'!U$5:U$20,"x")&"/3"
A24: CN | B24: Chiều | C24: =COUNTIFS('Đăng ký'!$B$5:$B$20,"Pha chế",'Đăng ký'!V$5:V$20,"x")&"/2" | D24: =COUNTIFS('Đăng ký'!$B$5:$B$20,"Phục vụ",'Đăng ký'!V$5:V$20,"x")&"/2"
A25: CN | B25: Tối | C25: =COUNTIFS('Đăng ký'!$B$5:$B$20,"Pha chế",'Đăng ký'!W$5:W$20,"x")&"/2" | D25: =COUNTIFS('Đăng ký'!$B$5:$B$20,"Phục vụ",'Đăng ký'!W$5:W$20,"x")&"/3"
